ID,ClientUid,ClientName,TypeName,Money,FrontMoney,NowMoney,PayTypeName,OrderCode,TransactionNo,Rem,PersonnelName,CreateTime
33612,Niuge1688,clt,充值,40000.0,-67021.66,-27021.66,余额支付,,,9.17先开4W额度 加上次3W一共7w，一起支付,Admin,2026-09-17 10:15:00
33567,ydg,ydg,充值,200350.0,-455646.48,-255296.48,余额支付,,,9.16汇款10W人民币+1.5w美金*6.69,Admin,2026-09-17 09:35:47
33508,rbw888,RBW,充值,20000.0,-99194.36,-79194.36,余额支付,,,9.16支付宝付款,Admin,2026-09-16 12:29:43
33238,Niuge1688,clt,充值,30000.0,-69892.06,-39892.06,余额支付,,,9.14先开3w额度 后补,Admin,2026-09-14 16:10:04
33223,QZHW,QZHW,充值,3974.4,-3974.4,0.0,余额支付,,,9.14支付宝付款,Admin,2026-09-14 12:43:23
33215,mich,mich,充值,22593.6,-26457.6,-3864.0,余额支付,,,9.14支付宝付款,Admin,2026-09-14 11:24:19
32885,CHEN,CHEN,充值,1838944.9,-1838944.9,0.0,余额支付,,,,Admin,2026-09-11 09:30:25
32790,ydg,ydg,充值,101688.0,-409849.68,-308161.68,余额支付,,,9.9支付15200美金*6.69,Admin,2026-09-10 10:20:29
32770,LXS,LXS,充值,80000.0,-103451.64,-23451.64,余额支付,,,9.10支付宝付款8W,Admin,2026-09-10 09:55:37
32684,Zling,Zling,充值,5000.0,14.02,5014.02,余额支付,,,,Admin,2026-09-09 12:55:07
22667,mich,mich,充值,18388.8,-30038.4,-11649.6,余额支付,,,9.7支付宝付款,Admin,2026-09-07 12:16:12
22541,xiaobao,xiaobao,充值,45397.3,-51670.9,-6273.6,余额支付,,,9.7微信付款15397.3.支付宝付款3w,Admin,2026-09-07 09:36:03
22319,yomi,yomi,充值,143.4,-61308.92,-61165.52,余额支付,,,2203895问题件退费,Admin,2026-09-03 17:44:15
22291,rbw888,RBW,充值,30000.0,-99664.76,-69664.76,余额支付,,,9.3支付宝付款,Admin,2026-09-03 14:34:21
22277,ydg,ydg,充值,203152.0,-444598.48,-241446.48,余额支付,,,9.2支付30276美金*6.71,Admin,2026-09-03 12:54:15
22096,QZHW,QZHW,充值,6759.04,-6759.04,0.0,余额支付,,,9.2支付宝,Admin,2026-09-02 10:49:22
22048,lew,LEW,充值,2133.0,-2133.0,0.0,余额支付,,,9.1支付宝付款,Admin,2026-09-01 17:37:55
22047,ZY,ZY,充值,42538.8,-42538.8,0.0,余额支付,,,9.1清账,Admin,2026-09-01 17:34:43
21904,mich,mich,充值,30311.48,-33973.88,-3662.4,余额支付,,,8.31支付宝付款,Admin,2026-08-31 12:29:06
21901,AUS,AUS,充值,2821.8,-2821.8,0.0,余额支付,,,8.31微信付款,Admin,2026-08-31 11:34:17
21900,baoye,baoye,充值,5368.64,-7528.64,-2160.0,余额支付,,,8.31支付宝付款,Admin,2026-08-31 11:33:42
21831,yomi,yomi,充值,298.62,-60157.94,-59859.32,余额支付,,,订单2154180瑕疵退款,Admin,2026-08-31 10:18:09
21652,Niuge1688,clt,充值,70000.0,-64450.46,5549.54,余额支付,,,8.28银行卡支付,Admin,2026-08-28 14:39:31
21644,Zling,Zling,充值,5000.0,577.22,5577.22,余额支付,,,微信支付,Admin,2026-08-28 13:53:05
21451,CHEN,CHEN,充值,1838268.22,-1838268.22,0.0,余额支付,,,,Admin,2026-08-26 20:20:12
21446,ydg,ydg,充值,97909.0,-354128.84,-256219.84,余额支付,,,"8.25支付14,596美金",Admin,2026-08-26 17:48:47
21121,ydg,ydg,充值,160000.0,-443673.64,-283673.64,余额支付,,,8.22支付16w,Admin,2026-08-24 14:59:12
20928,Niuge1688,clt,充值,4700.0,-52492.3,-47792.3,余额支付,,,8.22空箱提货费微信转账,Admin,2026-08-22 20:06:43
20917,Zling,Zling,充值,5000.0,709.94,5709.94,余额支付,,,,Admin,2026-08-22 13:21:07
20744,ydg,ydg,充值,72.0,-371399.02,-371327.02,余额支付,,,6526081113285682瑕疵品补款,Admin,2026-08-20 11:45:42
20650,QZHW,QZHW,充值,5273.34,-6041.22,-767.88,余额支付,,,,Admin,2026-08-19 14:45:56
20626,baoye,baoye,充值,6506.6,-739.36,5767.24,余额支付,,,,Admin,2026-08-19 11:19:49
20625,baoye,baoye,充值,6506.6,-7245.96,-739.36,余额支付,,,,Admin,2026-08-19 11:19:47
20583,ydg,ydg,充值,200382.0,-546891.28,-346509.28,余额支付,,,8.18支付29770.12美金,Admin,2026-08-18 23:20:43
20568,Zling,Zling,充值,5000.0,345.66,5345.66,余额支付,,,8.18微信付款,Admin,2026-08-18 16:19:31
20544,lew,LEW,充值,6939.36,-6939.36,0.0,余额支付,,,8.18支付宝,Admin,2026-08-18 14:00:04
20418,mich,mich,充值,23060.1,-26501.34,-3441.24,余额支付,,,8.17支付宝付款,Admin,2026-08-17 15:27:17
20355,Niuge1688,clt,充值,70000.0,-69785.58,214.42,余额支付,,,等8.18银行转帐,Admin,2026-08-17 11:30:22
19872,rbw888,RBW,充值,39059.94,-98656.32,-59596.38,余额支付,,,8.12银行卡转账,Admin,2026-08-12 14:43:44
19834,ydg,ydg,充值,146543.0,-556358.22,-409815.22,余额支付,,,8.11支付美金21765,Admin,2026-08-12 10:39:01
19633,mich,mich,充值,30946.92,-39967.14,-9020.22,余额支付,,,8.10支付宝付款,Admin,2026-08-10 16:48:46
19565,CHEN,CHEN,充值,1984310.3,-1984310.3,0.0,余额支付,,,,Admin,2026-08-10 11:44:19
19302,ydg,ydg,充值,66555.0,-528373.92,-461818.92,余额支付,,,7428*4.73+36965*0.85=66555CNY（光子易平台入账5笔）,Admin,2026-08-07 12:18:14
19301,ydg,ydg,充值,70203.0,-598576.92,-528373.92,余额支付,,,8.4付款10423.59美金,Admin,2026-08-07 12:11:19
18770,ydg,ydg,充值,210000.0,-654977.22,-444977.22,余额支付,,,8.3银行卡付款21w,Admin,2026-08-04 09:24:11
18761,lew,LEW,充值,21737.5,-21737.5,0.0,余额支付,,,8.3支付宝付款,Admin,2026-08-03 18:15:02
18728,QZHW,QZHW,充值,16252.6,-17634.4,-1381.8,余额支付,,,8.3支付宝付款,Admin,2026-08-03 16:06:02
18714,mich,mich,充值,40326.0,-55104.78,-14778.78,余额支付,,,8.3支付宝付款,Admin,2026-08-03 14:37:15
18712,lew,LEW,充值,1104.5,-22842.0,-21737.5,余额支付,,,订单12277问题件 退费,Admin,2026-08-03 14:21:38
18525,rbw888,RBW,充值,13150.0,-93092.8,-79942.8,余额支付,,,8.1号支付宝付款,Admin,2026-08-01 10:27:32
18510,Zling,Zling,充值,10000.0,10376.1,20376.1,余额支付,,,7.31微信支付,Admin,2026-07-31 19:25:20
18509,Zling,Zling,充值,10000.0,376.1,10376.1,余额支付,,,7.31微信支付,Admin,2026-07-31 19:25:19
18505,ydg,ydg,充值,114276.0,-712069.76,-597793.76,余额支付,,,"7.28支付美金16955
",Admin,2026-07-31 18:09:20
18447,Niuge1688,clt,充值,70000.0,-69737.5,262.5,余额支付,,,7.31银行卡转账 ,Admin,2026-07-31 10:37:21
18365,LXS,LXS,充值,41765.3,-49378.9,-7613.6,余额支付,,,7.30支付宝付款,Admin,2026-07-30 15:38:25
18205,ydg,ydg,充值,68407.0,-713957.66,-645550.66,余额支付,,,7.21支付美金10115.74,Admin,2026-07-29 15:40:31
18182,baoye,baoye,充值,7463.6,-8196.8,-733.2,余额支付,,,7.28支付宝付款,Admin,2026-07-29 11:24:02
18116,mich,mich,充值,29666.6,-58703.2,-29036.6,余额支付,,,7.27支付宝付款,Admin,2026-07-28 23:21:19
17934,ydg,ydg,充值,31690.0,-695122.66,-663432.66,余额支付,,,"7.6 ：3328+2615
7.7 : 872.1
合计：6815.1*4.65=31690",Admin,2026-07-27 11:54:29
17932,QZHW,QZHW,充值,10932.2,-19777.6,-8845.4,余额支付,,,7.27支付宝付款,Admin,2026-07-27 11:26:28
17824,CHEN,CHEN,充值,1995568.3,-1995568.3,0.0,余额支付,,,,Admin,2026-07-27 09:37:13
17768,Zling,Zling,充值,5000.0,226.5,5226.5,余额支付,,,7.26微信充值5000,Admin,2026-07-26 10:44:47
17672,rbw888,RBW,充值,30000.0,-99122.8,-69122.8,余额支付,,,7.24银行卡支付 ,Admin,2026-07-24 11:57:27
17567,Zling,Zling,充值,10000.0,68.3,10068.3,余额支付,,,7.23 微信付款1w,Admin,2026-07-23 17:05:15
17487,Niuge1688,clt,充值,70000.0,-66036.8,3963.2,余额支付,,,7.23银行卡付款,Admin,2026-07-23 10:41:03
17420,lew,LEW,充值,31565.9,-42690.8,-11124.9,余额支付,,,,Admin,2026-07-22 16:42:20
17119,QZHW,QZHW,充值,9982.8,-4991.4,4991.4,余额支付,,,支付宝9982.8,Admin,2026-07-20 13:55:38
17118,mich,mich,充值,38004.0,-50539.1,-12535.1,余额支付,,,支付宝38004 ,Admin,2026-07-20 13:54:07
17117,Zling,Zling,充值,5000.0,896.3,5896.3,余额支付,,,微信5000,Admin,2026-07-20 13:53:09
16981,ydg,ydg,充值,130500.0,-620665.06,-490165.06,余额支付,,,7.16转二姐账户（145000）,Admin,2026-07-20 09:39:30
16980,ydg,ydg,充值,14500.0,-635165.06,-620665.06,余额支付,,,7.16转二姐银行账户,Admin,2026-07-20 09:38:45
16662,rbw888,RBW,充值,20000.0,-56976.4,-36976.4,余额支付,,,7.16支付宝付款2w,Admin,2026-07-16 17:46:43
16661,rbw888,RBW,充值,20000.0,-76976.4,-56976.4,余额支付,,,7.16支付宝付款2w,Admin,2026-07-16 17:46:43
16660,rbw888,RBW,充值,20000.0,-96976.4,-76976.4,余额支付,,,7.16支付宝付款2w,Admin,2026-07-16 17:46:41
16659,ydg,ydg,充值,137052.0,-713349.56,-576297.56,余额支付,,,7.14美金20268*6.762=137052元,Admin,2026-07-16 17:45:50
16387,Zling,Zling,充值,5000.0,408.3,5408.3,余额支付,,,,Admin,2026-07-15 13:14:30
16097,Niuge1688,clt,充值,70000.0,-69597.6,402.4,余额支付,,,,Admin,2026-07-13 13:14:39
16093,rbw888,RBW,充值,40000.0,-92011.5,-52011.5,余额支付,,,,Admin,2026-07-13 13:09:13
16079,mich,mich,充值,81446.3,-95814.2,-14367.9,余额支付,,,7.13支付宝充值,Admin,2026-07-13 11:34:27
15840,baoye,baoye,充值,10178.9,-10178.9,0.0,余额支付,,,7.10支付宝付款,Admin,2026-07-10 14:20:37
15826,CHEN,CHEN,充值,1912821.2,-1912821.2,0.0,余额支付,,,,Admin,2026-07-10 13:29:45
15644,ydg,ydg,充值,141792.0,-673566.46,-531774.46,余额支付,,,7.7转账美金20898*6.785=141792,Admin,2026-07-09 14:40:00
15483,lew,LEW,充值,26089.0,-30343.2,-4254.2,余额支付,,,7.8支付宝付款,Admin,2026-07-08 14:59:16
15184,Zling,Zling,充值,5000.0,254.0,5254.0,余额支付,,,7.6付款到微信,Admin,2026-07-06 13:53:53
15157,mich,mich,充值,29050.7,-58562.0,-29511.3,余额支付,,,7.6支付宝付款,Admin,2026-07-06 11:45:41
15122,ydg,ydg,充值,27952.0,-558159.06,-530207.06,余额支付,,,3461.5+2615=7076*4.6=27952 ,Admin,2026-07-06 10:26:20
14930,CHEN,CHEN,充值,1000000.0,-1999695.8,-999695.8,余额支付,,,,Admin,2026-07-04 15:14:13
14734,ydg,ydg,充值,100000.0,-563383.56,-463383.56,余额支付,,,7.2转银行卡10w(老许账户）,Admin,2026-07-02 13:01:25
14660,Niuge1688,clt,充值,39783.6,-69238.5,-29454.9,余额支付,,,7.1银行转账,Admin,2026-07-01 17:34:19
14642,LXS,LXS,充值,17484.0,-18603.3,-1119.3,余额支付,,,7.1转账到支付宝,Admin,2026-07-01 15:22:09
14597,ydg,ydg,充值,147135.0,-691051.16,-543916.16,余额支付,,,澳币4365*4.6+美金18739.83*6.78=147135,Admin,2026-07-01 12:41:43
14495,Zling,Zling,充值,5000.0,687.2,5687.2,余额支付,,,,Admin,2026-06-30 14:36:49
14360,lew,LEW,充值,21572.7,-27964.7,-6392.0,余额支付,,,6.29支付宝付款,Admin,2026-06-29 15:53:56
14339,xp001,xp001,充值,48179.7,-48792.8,-613.1,余额支付,,,AU1仓截至到6/26分红,Admin,2026-06-29 14:57:45
14337,rbw888,RBW,充值,48179.7,-78799.8,-30620.1,余额支付,,,AU1仓截至到6.26分红,Admin,2026-06-29 14:56:12
14148,Niuge1688,clt,充值,30000.0,-69783.6,-39783.6,余额支付,,,6.29银行卡转账,Admin,2026-06-29 12:02:03
14142,baoye,baoye,充值,9684.0,-13010.3,-3326.3,余额支付,,,6.29支付宝付款9684,Admin,2026-06-29 11:43:00
14138,mich,mich,充值,28286.4,-29781.0,-1494.6,余额支付,,,6.29转账支付宝,Admin,2026-06-29 11:19:56
14137,rbw888,RBW,充值,51900.0,-116811.3,-64911.3,余额支付,,,6.29转账银行卡（杨柳姿）,Admin,2026-06-29 11:12:00
14114,ydg,ydg,充值,11316.0,-607991.16,-596675.16,余额支付,,,澳币转账3880+1090-误充值2510澳币=2460*4.6=11316,Admin,2026-06-29 10:30:21
14113,ydg,ydg,充值,11546.0,-619537.16,-607991.16,余额支付,,,澳币转账2510*4.6=11546,Admin,2026-06-29 10:29:04
13433,ydg,ydg,充值,72051.0,-524042.56,-451991.56,余额支付,,,6.24支付10627美金*6.78,Admin,2026-06-24 14:05:45
13311,rbw888,RBW,充值,50000.0,-109060.4,-59060.4,余额支付,,,6.24充值5W到银行卡,Admin,2026-06-24 11:05:27
13259,rbw888,RBW,充值,12880.0,-121940.4,-109060.4,余额支付,,,6.22客户转账2800澳币*4.6,Admin,2026-06-24 10:01:30
12476,ydg,ydg,充值,39134.5,-447036.16,-407901.66,余额支付,,,汇款澳币8075.5折算,Admin,2026-06-22 11:22:23
12473,mich,mich,充值,20481.6,-25233.6,-4752.0,余额支付,,,6.22支付宝付款,Admin,2026-06-22 11:18:29
11755,CHEN,CHEN,充值,1998388.8,-1998388.8,0.0,余额支付,,,,Admin,2026-06-18 14:41:24
11278,ydg,ydg,充值,112102.0,-407578.16,-295476.16,余额支付,,,6.16付款16632美金,Admin,2026-06-16 22:21:17
11277,rbw888,RBW,充值,93901.0,-127819.0,-33918.0,余额支付,,,6.16银行转账,Admin,2026-06-16 20:41:08
11025,ydg,ydg,充值,80000.0,-487578.16,-407578.16,余额支付,,,6.16银行转账（杨秋平）,Admin,2026-06-16 16:55:54
10773,Niuge1688,clt,充值,16873.5,-34262.7,-17389.2,余额支付,,,账单抵扣,Admin,2026-06-15 10:51:31
10761,mich,mich,充值,3000.0,-4248.0,-1248.0,余额支付,,,邮局问题件赔偿,Admin,2026-06-15 10:33:13
10573,rbw888,RBW,充值,30000.0,-99484.6,-69484.6,余额支付,,,6.12支付宝付款3w,Admin,2026-06-12 10:43:14
10334,ydg,ydg,充值,74326.0,-408452.96,-334126.96,余额支付,,,6.9付款美金10995*6.76,Admin,2026-06-10 11:34:00
9830,Niuge1688,clt,充值,196939.0,-196939.3,-0.3,余额支付,,,问题件退款中抵扣,Admin,2026-06-04 09:59:29
9583,CHEN,CHEN,充值,1996995.2,-1996995.2,0.0,余额支付,,,,Admin,2026-06-03 09:28:31
9467,mich,mich,充值,177.4,-695.8,-518.4,余额支付,,,微信转账,Admin,2026-05-29 12:00:48
9465,mich,mich,充值,9500.0,-9677.4,-177.4,余额支付,,,5.29微信转账,Admin,2026-05-29 11:53:33
9410,ydg,ydg,充值,202371.1,-393902.46,-191531.36,余额支付,,,5.28期CA仓问题件退费,Admin,2026-05-28 12:03:56
9198,mich,mich,充值,14025.0,-5481.6,8543.4,余额支付,,,退款,Admin,2026-05-26 14:19:13
9152,mich,mich,充值,9830.4,-9830.4,0.0,余额支付,,,,Admin,2026-05-26 09:29:11
9076,mich,mich,充值,9374.4,-9892.8,-518.4,余额支付,,,,Admin,2026-05-25 09:29:57
8895,ydg,ydg,充值,168000.0,-465753.66,-297753.66,余额支付,,,5.19银行转账,Admin,2026-05-20 13:33:48
8737,mich,mich,充值,4809.6,-4809.6,0.0,余额支付,,,微信转账5.18,Admin,2026-05-18 19:21:04
8643,mich,mich,充值,4963.2,-4963.2,0.0,余额支付,,,微信转账5.16,Admin,2026-05-16 15:12:00
8475,mich,mich,充值,400.0,-1091.2,-691.2,余额支付,,,,Admin,2026-05-14 12:37:39
8472,mich,mich,充值,4481.6,-4881.6,-400.0,余额支付,,,,Admin,2026-05-14 12:25:39
8262,rbw888,RBW,充值,55633.2,-79263.4,-23630.2,余额支付,,,5.13期问题件退费,Admin,2026-05-13 11:04:35
7524,Niuge1688,clt,充值,8020.0,-156559.1,-148539.1,余额支付,,,4.28期问题件退款,Admin,2026-04-28 14:22:21
7511,rbw888,RBW,充值,7250.0,-78339.0,-71089.0,余额支付,,,4.28期问题件退费,Admin,2026-04-28 11:49:36
7220,rbw888,RBW,充值,1198.4,-79537.4,-78339.0,余额支付,,,4.22期问题件退费,Admin,2026-04-22 12:40:39
7145,ydg,ydg,充值,176046.0,-334171.46,-158125.46,余额支付,,,4.20结汇美金转账176046元,Admin,2026-04-20 14:14:19
6968,ydg,ydg,充值,130965.52,-439623.08,-308657.56,余额支付,,,4.16paypal结汇入账,Admin,2026-04-16 14:40:20
6913,Niuge1688,clt,充值,135680.8,-162429.7,-26748.9,余额支付,,,4.16期问题件退费（文档明细已给到客户）,Admin,2026-04-16 10:32:15
6910,rbw888,RBW,充值,4840.0,-76116.6,-71276.6,余额支付,,,订单RD20260406260406/-1查验退款,Admin,2026-04-16 10:11:43
6909,ydg,ydg,充值,355.6,-430554.08,-430198.48,余额支付,,34LRU5283042,订单号8526040413144684查验退款,Admin,2026-04-16 09:52:33
6863,Niuge1688,clt,充值,100000.0,-198422.3,-98422.3,余额支付,,,4/15银行卡付款10w,Admin,2026-04-15 12:57:58
6744,Niuge1688,clt,充值,72293.0,-185228.0,-112935.0,余额支付,,,4/14银行卡付款72293,Admin,2026-04-14 10:27:30
6700,ydg,ydg,充值,170136.64,-593286.72,-423150.08,余额支付,,,4/10银行卡付款170136.64,Admin,2026-04-13 11:27:58
6567,rbw888,RBW,充值,100000.0,-125375.0,-25375.0,余额支付,,,4/10银行卡收款10w,Admin,2026-04-10 21:05:00
6560,Niuge1688,clt,充值,100000.0,-199997.8,-99997.8,余额支付,,,4/10银行卡支付10w,Admin,2026-04-10 17:25:34
6513,rbw888,RBW,充值,6532.8,-127357.8,-120825.0,余额支付,,,海外仓问题件退费,Admin,2026-04-10 10:53:20
6420,Niuge1688,clt,充值,35483.0,-147536.1,-112053.1,余额支付,,,4/9银行卡支付,Admin,2026-04-09 16:11:25
6337,Niuge1688,clt,充值,100000.0,-199993.0,-99993.0,余额支付,,,4/9银行转账10W,Admin,2026-04-09 10:19:44
6228,CHEN,CHEN,充值,1108135.5,0.0,1108135.5,余额支付,,,,Admin,2026-04-08 13:05:06
6227,CHEN,CHEN,充值,1108135.5,-1108135.5,0.0,余额支付,,,,Admin,2026-04-08 13:05:05
6153,Niuge1688,clt,充值,99999.98,-197813.9,-97813.92,余额支付,,,4/7银行卡付款10W,Admin,2026-04-07 16:12:19
6151,Zling,Zling,充值,9999.98,-7296.82,2703.16,余额支付,,,,Admin,2026-04-07 16:02:57
5967,Niuge1688,clt,充值,100000.0,-198059.2,-98059.2,余额支付,,,4.3充值10w,Admin,2026-04-03 14:56:33
5848,Niuge1688,clt,充值,100000.0,-185763.6,-85763.6,余额支付,,,4/2银行付款10W,Admin,2026-04-02 10:45:58
5723,Niuge1688,clt,充值,100000.0,-188692.0,-88692.0,余额支付,,,3/31银行卡付款10w,Admin,2026-03-31 12:56:35
5558,Niuge1688,clt,充值,100000.0,-199255.2,-99255.2,余额支付,,,银行卡付款10w,Admin,2026-03-30 10:15:47
5290,CHEN,CHEN,充值,1500000.0,-2252884.8,-752884.8,余额支付,,,,Admin,2026-03-25 11:21:18
5289,rbw888,RBW,充值,210000.0,-233825.2,-23825.2,余额支付,,,扣除预付金额210000,Admin,2026-03-25 11:20:51
4767,Niuge1688,clt,充值,43180.8,-39664.8,3516.0,余额支付,,,国内问题件退款，转余额充值,Admin,2026-03-17 15:16:33
3816,Niuge1688,clt,充值,47001.6,-47846.4,-844.8,余额支付,,,47000---4.8,Admin,2026-03-02 16:36:25
2491,Niuge1688,clt,充值,47001.6,-42019.2,4982.4,余额支付,,,银行卡付款4.7w/4.8汇率=9792,Admin,2026-02-11 14:54:03
2016,ydg,ydg,充值,204254.88,-219556.8,-15301.92,余额支付,,,,Admin,2026-02-03 13:50:52
1986,Niuge1688,clt,充值,48000.0,-47702.4,297.6,余额支付,,,,Admin,2026-02-03 09:45:41
1229,Niuge1688,clt,充值,9.6,96.0,105.6,余额支付,,,,Admin,2026-01-19 10:43:02
1228,Niuge1688,clt,充值,1276.8,-1180.8,96.0,余额支付,,,,Admin,2026-01-19 10:42:54
1225,Niuge1688,clt,充值,4.8,-945.6,-940.8,余额支付,,,,Admin,2026-01-19 10:38:18
1222,Niuge1688,clt,充值,46905.6,-1200.0,45705.6,余额支付,,,,Admin,2026-01-19 10:36:45
1219,Niuge1688,clt,充值,46905.6,-47865.6,-960.0,余额支付,,,,Admin,2026-01-19 10:35:51
1027,CHEN,CHEN,充值,96000.0,374.4,96374.4,余额支付,,,,Admin,2026-01-13 10:26:25
465,CHEN,CHEN,充值,240000.0,3352.8,243352.8,余额支付,,,,Admin,2025-12-23 11:19:46
144,客户1,客户1,充值,4800.0,148.8,4948.8,余额支付,,,,Admin,2025-12-11 16:03:52
103,rbw888,RBW,充值,48000.0,0.0,48000.0,余额支付,,,,Admin,2025-12-10 12:09:37
86,CHEN,CHEN,充值,240000.0,0.0,240000.0,余额支付,,,,Admin,2025-12-10 09:23:54
83,ydg,ydg,充值,240000.0,0.0,240000.0,余额支付,,,,Admin,2025-12-09 17:30:21
61,客户1,客户1,充值,24000.0,288.0,24288.0,余额支付,,,,Admin,2025-12-04 16:56:40
48,客户1,客户1,充值,48000.0,-11371.2,36628.8,余额支付,,,,Admin,2025-12-01 17:49:26
43,客户1,客户1,充值,4.8,1536.0,1540.8,余额支付,,,,然博网,2025-11-27 16:09:07
42,客户1,客户1,充值,2400.0,0.0,2400.0,余额支付,,,,然博网,2025-11-27 16:08:40
